id,passage,question,answerable,subject,source_type,reason
1,A problem-solving agent is a system that has a clear goal and tries to figure out the steps needed to reach that goal. It is not guessing; it goes through possibilities in a structured way until it finds something that works.,What is a problem-solving agent?,1,Artificial Intelligence,notes,answer stated directly
2,A problem-solving agent is a system that has a clear goal and tries to figure out the steps needed to reach that goal. It is not guessing; it goes through possibilities in a structured way until it finds something that works.,How much memory does a problem-solving agent require to run?,0,Artificial Intelligence,notes,memory requirements not mentioned
3,"When AI has no idea which direction is more promising, it uses uninformed search methods, exploring options in a fixed, systematic order without any sense of what is closer to the goal. One approach checks everything nearby first before going further, which finds the nearest solution but uses a lot of memory.",What is the main drawback of exploring everything nearby first in uninformed search?,1,Artificial Intelligence,notes,stated: it uses a lot of memory
4,"When AI has no idea which direction is more promising, it uses uninformed search methods, exploring options in a fixed, systematic order without any sense of what is closer to the goal. One approach checks everything nearby first before going further, which finds the nearest solution but uses a lot of memory.",Which uninformed search algorithm is the fastest for large graphs?,0,Artificial Intelligence,notes,passage does not compare algorithm speeds
5,"Informed search gives the AI a rough idea of how close it is to the goal at any point. One method combines how long the path has been so far and how far the goal still seems to be. As long as the estimate of remaining distance never exaggerates the actual distance, this method is guaranteed to find the best possible solution.",Under what condition is the combined informed-search method guaranteed to find the best solution?,1,Artificial Intelligence,notes,stated: when the estimate never exaggerates the actual distance
6,"Informed search gives the AI a rough idea of how close it is to the goal at any point. One method combines how long the path has been so far and how far the goal still seems to be. As long as the estimate of remaining distance never exaggerates the actual distance, this method is guaranteed to find the best possible solution.",What is the name of this informed-search method?,0,Artificial Intelligence,notes,passage describes the method but does not name it
7,"For the tile puzzle, one simple estimate is counting how many tiles are not yet in their correct position. A better estimate adds up the actual distance each tile needs to travel to reach its correct spot. Even this small improvement makes the AI solve puzzles much faster.",What is one simple way to estimate remaining distance in the tile puzzle?,1,Artificial Intelligence,notes,stated: counting tiles not in correct position
8,"For the tile puzzle, one simple estimate is counting how many tiles are not yet in their correct position. A better estimate adds up the actual distance each tile needs to travel to reach its correct spot. Even this small improvement makes the AI solve puzzles much faster.",How many possible states does the tile puzzle have?,0,Artificial Intelligence,notes,number of states not given
9,"Agentic learning applies when the AI does not know the full map of possibilities before it starts. Think of a robot placed in a building it has never been in before; there is no map available, so it has to move around, observe what is there, and slowly build up a picture of the space as it goes.",When does agentic learning apply?,1,Artificial Intelligence,notes,stated: when the AI does not know the full map beforehand
10,"Agentic learning applies when the AI does not know the full map of possibilities before it starts. Think of a robot placed in a building it has never been in before; there is no map available, so it has to move around, observe what is there, and slowly build up a picture of the space as it goes.",What algorithm does agentic learning use to update its decisions?,0,Artificial Intelligence,notes,no specific algorithm named
11,"The National Institute of Standards and Technology (NIST) defines cloud computing as a model for enabling ubiquitous, convenient, on-demand access to a shared pool of configurable computing resources, like networks, servers, and storage, that can be rapidly provisioned and released with minimal effort.",Which organization's definition of cloud computing is given here?,1,Cloud Computing,lecture_slides,stated: NIST
12,"The National Institute of Standards and Technology (NIST) defines cloud computing as a model for enabling ubiquitous, convenient, on-demand access to a shared pool of configurable computing resources, like networks, servers, and storage, that can be rapidly provisioned and released with minimal effort.",In which year did NIST publish this definition?,0,Cloud Computing,lecture_slides,publication year not stated
13,"Cloud computing is defined by five essential characteristics: on-demand self-service, broad network access, resource pooling, rapid elasticity, and measured service. Cloud resources are pooled to serve multiple users using a multi-tenancy model, and resources can be scaled up or down automatically.",What are the five essential characteristics of cloud computing?,1,Cloud Computing,lecture_slides,all five listed directly
14,"Cloud computing is defined by five essential characteristics: on-demand self-service, broad network access, resource pooling, rapid elasticity, and measured service. Cloud resources are pooled to serve multiple users using a multi-tenancy model, and resources can be scaled up or down automatically.",Which characteristic is the most important for cost savings?,0,Cloud Computing,lecture_slides,passage does not rank them
15,"Software as a Service (SaaS) applications reside on the top of the cloud stack and can be accessed by end users through web portals. This model alleviates the burden of software maintenance for customers and simplifies development and testing for providers. Examples include Google Docs, Gmail, and Salesforce.",How do end users typically access SaaS applications?,1,Cloud Computing,lecture_slides,stated: through web portals
16,"Software as a Service (SaaS) applications reside on the top of the cloud stack and can be accessed by end users through web portals. This model alleviates the burden of software maintenance for customers and simplifies development and testing for providers. Examples include Google Docs, Gmail, and Salesforce.",What is the monthly subscription cost of Salesforce?,0,Cloud Computing,lecture_slides,pricing not mentioned
17,"Infrastructure as a Service (IaaS) provisions virtualized resources such as computation, storage, and communication on demand. It enables on-demand provisioning of servers running several choices of operating systems. Amazon Web Services mainly offers IaaS, and its EC2 service offers virtual machines with a customizable software stack.",Which AWS service is given as an example of IaaS providing virtual machines?,1,Cloud Computing,lecture_slides,stated: EC2
18,"Infrastructure as a Service (IaaS) provisions virtualized resources such as computation, storage, and communication on demand. It enables on-demand provisioning of servers running several choices of operating systems. Amazon Web Services mainly offers IaaS, and its EC2 service offers virtual machines with a customizable software stack.",How many virtual machines can a single EC2 account launch at most?,0,Cloud Computing,lecture_slides,no limit or number given
19,"Under the AWS shared responsibility model, AWS is responsible for security of the cloud, which includes physical security of data centers, hardware and software infrastructure, network infrastructure, and virtualization infrastructure. The customer is responsible for security in the cloud.","Under the shared responsibility model, who is responsible for the physical security of data centers?",1,Cloud Computing,lecture_slides,stated: AWS
20,"Under the AWS shared responsibility model, AWS is responsible for security of the cloud, which includes physical security of data centers, hardware and software infrastructure, network infrastructure, and virtualization infrastructure. The customer is responsible for security in the cloud.",What penalty does AWS pay if it fails its security responsibilities?,0,Cloud Computing,lecture_slides,penalties not mentioned
21,"An IAM policy is a document that defines which resources can be accessed and the level of access to each resource. All permissions are implicitly denied by default, and if something is explicitly denied it is never allowed. A best practice is to follow the principle of least privilege.","By default, how are permissions treated in IAM before any policy is applied?",1,Cloud Computing,lecture_slides,stated: implicitly denied by default
22,"An IAM policy is a document that defines which resources can be accessed and the level of access to each resource. All permissions are implicitly denied by default, and if something is explicitly denied it is never allowed. A best practice is to follow the principle of least privilege.",What programming language is used to write IAM policies?,0,Cloud Computing,lecture_slides,format/language not mentioned in this passage
23,"An EC2 instance type determines the memory (RAM), processing power (CPU), disk space and disk type, and network performance. In instance type naming such as t3.large, the letter t is the family name, the number 3 is the generation number, and large is the size.","In the instance type name t3.large, what does the number 3 represent?",1,Cloud Computing,lecture_slides,stated: the generation number
24,"An EC2 instance type determines the memory (RAM), processing power (CPU), disk space and disk type, and network performance. In instance type naming such as t3.large, the letter t is the family name, the number 3 is the generation number, and large is the size.",How much RAM does a t3.large instance have?,0,Cloud Computing,lecture_slides,specific RAM not stated in this passage
25,"Amazon EBS provides durable, block-level storage volumes; you can stop the instance and start it again and the data will still be there. Amazon EC2 Instance Store provides ephemeral storage on disks attached to the host computer, and if the instance stops the data stored there is deleted.",What happens to data on an EC2 Instance Store when the instance stops?,1,Cloud Computing,lecture_slides,stated: the data is deleted
26,"Amazon EBS provides durable, block-level storage volumes; you can stop the instance and start it again and the data will still be there. Amazon EC2 Instance Store provides ephemeral storage on disks attached to the host computer, and if the instance stops the data stored there is deleted.",What is the maximum size of an EBS volume?,0,Cloud Computing,lecture_slides,maximum size not given
27,"Spot Instances run as long as they are available and your bid is above the Spot Instance price. They can be interrupted by AWS with a two-minute notification, and interruption options include terminated, stopped, or hibernated. Prices can be significantly less expensive compared to On-Demand Instances.",How much advance notice does AWS give before interrupting a Spot Instance?,1,Cloud Computing,lecture_slides,stated: two-minute notification
28,"Spot Instances run as long as they are available and your bid is above the Spot Instance price. They can be interrupted by AWS with a two-minute notification, and interruption options include terminated, stopped, or hibernated. Prices can be significantly less expensive compared to On-Demand Instances.",What percentage discount do Spot Instances give compared to On-Demand?,0,Cloud Computing,lecture_slides,no specific percentage given
29,"The four pillars of cost optimization are right size, optimal pricing model, increase elasticity, and optimize storage choices. Right sizing means provisioning instances to match the need in terms of CPU, memory, storage, and network throughput.",What are the four pillars of cost optimization?,1,Cloud Computing,lecture_slides,all four listed directly
30,"The four pillars of cost optimization are right size, optimal pricing model, increase elasticity, and optimize storage choices. Right sizing means provisioning instances to match the need in terms of CPU, memory, storage, and network throughput.",Which of the four pillars saves the most money on average?,0,Cloud Computing,lecture_slides,passage does not compare pillars by savings
31,"Uninformed search goes as deep as possible in one direction first, then backtracks and tries another. This saves memory but risks going down a path that leads nowhere. A smarter variation sets a limit on how far it goes, and if no answer is found, stretches the limit a little and tries again.",What is the risk of going as deep as possible in one direction first?,1,Artificial Intelligence,notes,stated: risks going down a path that leads nowhere
32,"Uninformed search goes as deep as possible in one direction first, then backtracks and tries another. This saves memory but risks going down a path that leads nowhere. A smarter variation sets a limit on how far it goes, and if no answer is found, stretches the limit a little and tries again.",What is the maximum depth limit used in practice?,0,Artificial Intelligence,notes,no specific depth value given
33,"One informed method always moves toward whatever looks closest to the goal based on an estimate. It is quick but not always reliable, because a path that looks promising at one step might lead to a dead end a few steps later.",Why is always moving toward what looks closest not always reliable?,1,Artificial Intelligence,notes,stated: a promising-looking path might lead to a dead end
34,"One informed method always moves toward whatever looks closest to the goal based on an estimate. It is quick but not always reliable, because a path that looks promising at one step might lead to a dead end a few steps later.",How much faster is this method than uninformed search on average?,0,Artificial Intelligence,notes,no speed comparison figure given
35,"Take chess: at any point in the game there are about 35 different moves you can make, and a full game has roughly 80 moves. The number of possible chess games is so large it has more digits than there are atoms in the universe, so no computer can check all of it.",About how many moves are available at any point in a chess game?,1,Artificial Intelligence,notes,stated: about 35
36,"Take chess: at any point in the game there are about 35 different moves you can make, and a full game has roughly 80 moves. The number of possible chess games is so large it has more digits than there are atoms in the universe, so no computer can check all of it.",Which chess-playing program first beat a world champion?,0,Artificial Intelligence,notes,no program or historical event mentioned
37,"A problem-solving agent knew where you are (the starting point), knew where you want to be (the goal), and explored all the possible roads and turns to find the most efficient path. That whole process, like a map app finding a route, is exactly what a problem-solving agent does.","In the map app example, what does the goal represent?",1,Artificial Intelligence,notes,stated: where you want to be
38,"A problem-solving agent knew where you are (the starting point), knew where you want to be (the goal), and explored all the possible roads and turns to find the most efficient path. That whole process, like a map app finding a route, is exactly what a problem-solving agent does.",Which map application is being described in this example?,0,Artificial Intelligence,notes,no specific app is named
39,"Cloud deployment types include the public cloud, hosted by third-party providers like AWS, Google Cloud, and Microsoft Azure, which is cost-effective but may pose security concerns. A private cloud is used exclusively by a single organization for better security and customization, and is more expensive but provides greater control.",Why might a public cloud raise concerns despite being cost-effective?,1,Cloud Computing,lecture_slides,stated: it may pose security concerns
40,"Cloud deployment types include the public cloud, hosted by third-party providers like AWS, Google Cloud, and Microsoft Azure, which is cost-effective but may pose security concerns. A private cloud is used exclusively by a single organization for better security and customization, and is more expensive but provides greater control.",How much more expensive is a private cloud than a public cloud?,0,Cloud Computing,lecture_slides,no cost figure given
41,"A hybrid cloud is a combination of public and private clouds, balancing cost-efficiency with security, and is ideal for businesses needing scalability and data protection. A community cloud is shared infrastructure designed to meet the shared needs of multiple organizations, such as security, compliance, or performance.",What is a hybrid cloud?,1,Cloud Computing,lecture_slides,stated: a combination of public and private clouds
42,"A hybrid cloud is a combination of public and private clouds, balancing cost-efficiency with security, and is ideal for businesses needing scalability and data protection. A community cloud is shared infrastructure designed to meet the shared needs of multiple organizations, such as security, compliance, or performance.",What is the setup cost of a hybrid cloud?,0,Cloud Computing,lecture_slides,cost not mentioned
43,"Platform as a Service (PaaS) offers an environment on which developers create and deploy applications, at a higher level of abstraction to make a cloud easily programmable. Multiple programming models and specialized services like data access, authentication, and payments are offered as building blocks to new applications.",What does PaaS offer to developers?,1,Cloud Computing,lecture_slides,stated: an environment to create and deploy applications
44,"Platform as a Service (PaaS) offers an environment on which developers create and deploy applications, at a higher level of abstraction to make a cloud easily programmable. Multiple programming models and specialized services like data access, authentication, and payments are offered as building blocks to new applications.",Which PaaS provider has the largest market share?,0,Cloud Computing,lecture_slides,market share of PaaS providers not given
45,"A load balancer is a device that distributes network or application traffic across a number of servers. Load balancers are used to increase capacity and reliability of applications, manage traffic spikes, prevent spikes on a single server, and minimize user request response time.",What is the purpose of a load balancer?,1,Cloud Computing,lecture_slides,stated: distributes traffic across a number of servers
46,"A load balancer is a device that distributes network or application traffic across a number of servers. Load balancers are used to increase capacity and reliability of applications, manage traffic spikes, prevent spikes on a single server, and minimize user request response time.",How many servers can a single load balancer support?,0,Cloud Computing,lecture_slides,no server limit given
47,A firewall is a network security device that monitors and filters incoming and outgoing network traffic based on an organization's previously established security policies and blocks malicious traffic.,What does a firewall use to decide which traffic to block?,1,Cloud Computing,lecture_slides,stated: the organization's previously established security policies
48,A firewall is a network security device that monitors and filters incoming and outgoing network traffic based on an organization's previously established security policies and blocks malicious traffic.,What brand of firewall does AWS recommend?,0,Cloud Computing,lecture_slides,no brand mentioned
49,"An IAM role is an IAM identity with specific permissions, similar to an IAM user, but it is not uniquely associated with one person. It is intended to be assumable by a person, application, or service, and it provides temporary security credentials.",What kind of security credentials does an IAM role provide?,1,Cloud Computing,lecture_slides,stated: temporary security credentials
50,"An IAM role is an IAM identity with specific permissions, similar to an IAM user, but it is not uniquely associated with one person. It is intended to be assumable by a person, application, or service, and it provides temporary security credentials.",How long do the temporary credentials from an IAM role last?,0,Cloud Computing,lecture_slides,duration not stated
51,"Multi-factor authentication (MFA) provides increased security. In addition to a username and password, MFA requires a unique authentication code to access AWS services. Options for retrieving the MFA token include virtual applications like Google Authenticator and hardware devices like a YubiKey.","In addition to username and password, what does MFA require?",1,Cloud Computing,lecture_slides,stated: a unique authentication code
52,"Multi-factor authentication (MFA) provides increased security. In addition to a username and password, MFA requires a unique authentication code to access AWS services. Options for retrieving the MFA token include virtual applications like Google Authenticator and hardware devices like a YubiKey.",How often does the MFA authentication code change?,0,Cloud Computing,lecture_slides,code refresh interval not stated
53,AWS Lambda is a serverless computing service that is function-based and low-cost. You write and deploy code that runs on a schedule or that can be triggered by events. It is a relatively new concept for many IT staff but easy to use after you learn how.,What can trigger AWS Lambda code to run?,1,Cloud Computing,lecture_slides,stated: a schedule or events
54,AWS Lambda is a serverless computing service that is function-based and low-cost. You write and deploy code that runs on a schedule or that can be triggered by events. It is a relatively new concept for many IT staff but easy to use after you learn how.,What is the maximum execution time of a Lambda function?,0,Cloud Computing,lecture_slides,execution time limit not given
55,"An Amazon Machine Image (AMI) is a template used to create an EC2 instance. It contains a Windows or Linux operating system and often also has some software pre-installed. AMI choices include Quick Start, My AMIs, AWS Marketplace, and Community AMIs.",What does an Amazon Machine Image (AMI) contain?,1,Cloud Computing,lecture_slides,stated: a Windows or Linux OS and often pre-installed software
56,"An Amazon Machine Image (AMI) is a template used to create an EC2 instance. It contains a Windows or Linux operating system and often also has some software pre-installed. AMI choices include Quick Start, My AMIs, AWS Marketplace, and Community AMIs.",How much does it cost to create a custom AMI?,0,Cloud Computing,lecture_slides,cost not mentioned
57,"A security group is a set of firewall rules that control traffic to an instance and exists outside of the instance's guest OS. You create rules that specify the source and which ports network communications can use, along with the protocol such as TCP, UDP, or ICMP.",Where does a security group exist relative to the instance's guest OS?,1,Cloud Computing,lecture_slides,stated: outside of the instance's guest OS
58,"A security group is a set of firewall rules that control traffic to an instance and exists outside of the instance's guest OS. You create rules that specify the source and which ports network communications can use, along with the protocol such as TCP, UDP, or ICMP.",What is the maximum number of rules allowed in a security group?,0,Cloud Computing,lecture_slides,no maximum rule count given
59,"Reserved Instances offer full, partial, or no upfront payment for an instance you reserve, giving a discount on the hourly charge for a one-year or three-year term. All Upfront Reserved Instances give the largest discount, while No Upfront gives a smaller discount.",Which Reserved Instance payment option gives the largest discount?,1,Cloud Computing,lecture_slides,stated: All Upfront Reserved Instances
60,"Reserved Instances offer full, partial, or no upfront payment for an instance you reserve, giving a discount on the hourly charge for a one-year or three-year term. All Upfront Reserved Instances give the largest discount, while No Upfront gives a smaller discount.",What exact percentage discount does the All Upfront option give?,0,Cloud Computing,lecture_slides,exact percentage not given in this passage
61,"Sensors and actuators form the backbone of modern IoT systems, bridging the gap between the physical and digital realms. Sensors detect changes in environmental parameters and convert them into electrical signals, while actuators execute physical actions based on processed data.",What do sensors convert environmental changes into?,1,IoT,notes,stated: electrical signals
62,"Sensors and actuators form the backbone of modern IoT systems, bridging the gap between the physical and digital realms. Sensors detect changes in environmental parameters and convert them into electrical signals, while actuators execute physical actions based on processed data.",How many sensors are typically used in a smart city deployment?,0,IoT,notes,no quantity is given
63,"A sensor is a device that detects and responds to physical, chemical, or biological stimuli such as temperature, pressure, light, or motion. It produces an output, typically electrical, that can be processed, stored, or transmitted for various applications in IoT ecosystems.",What kinds of stimuli can a sensor detect?,1,IoT,notes,"stated: physical, chemical, or biological stimuli"
64,"A sensor is a device that detects and responds to physical, chemical, or biological stimuli such as temperature, pressure, light, or motion. It produces an output, typically electrical, that can be processed, stored, or transmitted for various applications in IoT ecosystems.",Which company manufactures the most accurate temperature sensor?,0,IoT,notes,no manufacturer is mentioned
65,"Accuracy measures alignment with true values, while precision ensures consistent reproducibility under unchanged conditions. Sensitivity is the ratio of output change to input change, and resolution is the smallest detectable change in the measured parameter.",What is the difference between accuracy and precision for a sensor?,1,IoT,notes,stated: accuracy is alignment with true values; precision is consistent reproducibility
66,"Accuracy measures alignment with true values, while precision ensures consistent reproducibility under unchanged conditions. Sensitivity is the ratio of output change to input change, and resolution is the smallest detectable change in the measured parameter.",What accuracy percentage is required for medical sensors?,0,IoT,notes,no required percentage is given
67,"Response time indicates how quickly sensors react to changes, while range defines the maximum and minimum measurable values. Drift represents gradual output changes over time, and linearity measures how closely the response follows a straight line.",What does the range of a sensor define?,1,IoT,notes,stated: the maximum and minimum measurable values
68,"Response time indicates how quickly sensors react to changes, while range defines the maximum and minimum measurable values. Drift represents gradual output changes over time, and linearity measures how closely the response follows a straight line.",What is the typical response time of an accelerometer in milliseconds?,0,IoT,notes,no specific response time value is given
69,"Sensorial deviations refer to anomalies or inaccuracies in sensor readings that deviate from expected values. Their causes include environmental influences such as temperature, humidity, and EMI, sensor drift from aging, data noise, and power supply fluctuations.",Name one cause of sensorial deviations.,1,IoT,notes,"stated: environmental influences, drift, data noise, or power fluctuations"
70,"Sensorial deviations refer to anomalies or inaccuracies in sensor readings that deviate from expected values. Their causes include environmental influences such as temperature, humidity, and EMI, sensor drift from aging, data noise, and power supply fluctuations.",What is the acceptable error threshold before a deviation is flagged?,0,IoT,notes,no threshold value is given
71,"Mitigation strategies for sensorial deviations include regular calibration routines, redundant sensor deployment for cross-validation, and filtering algorithms for data preprocessing.",What is one mitigation strategy for sensorial deviations?,1,IoT,notes,"stated: calibration, redundant deployment, or filtering algorithms"
72,"Mitigation strategies for sensorial deviations include regular calibration routines, redundant sensor deployment for cross-validation, and filtering algorithms for data preprocessing.",How often should calibration routines be performed?,0,IoT,notes,calibration frequency is not stated
73,"Scalar sensing measures scalar quantities, which are parameters with magnitude but no direction, such as temperature, pressure, and humidity. Applications include environmental monitoring in smart cities, body temperature tracking in healthcare IoT, and soil moisture measurement in precision agriculture.",What is a scalar quantity in the context of scalar sensing?,1,IoT,notes,stated: a parameter with magnitude but no direction
74,"Scalar sensing measures scalar quantities, which are parameters with magnitude but no direction, such as temperature, pressure, and humidity. Applications include environmental monitoring in smart cities, body temperature tracking in healthcare IoT, and soil moisture measurement in precision agriculture.",What is the highest temperature a scalar sensor can measure?,0,IoT,notes,no maximum temperature value is given
75,"Multimedia sensing captures multimedia data including images, videos, and audio for enhanced situational awareness. It requires significant storage, bandwidth, and computational resources. Applications include surveillance systems, medical imaging, and traffic monitoring through video feeds.",Why does multimedia sensing require significant resources?,1,IoT,notes,"stated: because it captures high-dimensional data like images, video, and audio"
76,"Multimedia sensing captures multimedia data including images, videos, and audio for enhanced situational awareness. It requires significant storage, bandwidth, and computational resources. Applications include surveillance systems, medical imaging, and traffic monitoring through video feeds.",What video resolution is recommended for surveillance systems?,0,IoT,notes,no resolution is specified
77,"Virtual sensing, or soft sensing, uses computational models to estimate parameters that are difficult or expensive to measure directly. It relies on algorithms, historical data, and machine learning to infer values without physical sensors for every measurement.",What does virtual sensing use to estimate hard-to-measure parameters?,1,IoT,notes,"stated: computational models, algorithms, historical data, and machine learning"
78,"Virtual sensing, or soft sensing, uses computational models to estimate parameters that are difficult or expensive to measure directly. It relies on algorithms, historical data, and machine learning to infer values without physical sensors for every measurement.",Which machine learning algorithm gives the best virtual sensing accuracy?,0,IoT,notes,no specific algorithm is named or compared
79,"Actuators are devices that convert energy into motion or physical action, executing decisions made by sensors and control units. Mechanical actuators convert energy into mechanical motion via gears, screws, or levers, and their advantages are that they are durable and simple in design.",What is the function of a mechanical actuator?,1,IoT,notes,"stated: convert energy into mechanical motion via gears, screws, or levers"
80,"Actuators are devices that convert energy into motion or physical action, executing decisions made by sensors and control units. Mechanical actuators convert energy into mechanical motion via gears, screws, or levers, and their advantages are that they are durable and simple in design.",How much force can a mechanical actuator exert in newtons?,0,IoT,notes,no force value is given
81,"Hydraulic actuators use pressurized fluids to generate motion or force. Examples include hydraulic cylinders and hydraulic pumps, and their advantages are high force output and precise control.",What do hydraulic actuators use to generate motion?,1,IoT,notes,stated: pressurized fluids
82,"Hydraulic actuators use pressurized fluids to generate motion or force. Examples include hydraulic cylinders and hydraulic pumps, and their advantages are high force output and precise control.",What type of fluid is used inside hydraulic cylinders?,0,IoT,notes,the specific fluid type is not named
83,"Electric actuators utilize electrical energy to create motion. Examples include DC and AC motors, stepper motors, and piezoelectric actuators, and their advantages are fast response and precise positioning.",What are the advantages of electric actuators?,1,IoT,notes,stated: fast response and precise positioning
84,"Electric actuators utilize electrical energy to create motion. Examples include DC and AC motors, stepper motors, and piezoelectric actuators, and their advantages are fast response and precise positioning.",How much voltage does a stepper motor actuator require?,0,IoT,notes,no voltage requirement is given
85,"Thermal or magnetic actuators leverage thermal expansion or magnetic forces for movement. Examples include shape memory alloys and solenoids, and their advantage is that they are compact and suitable for micro-movements.",What is the advantage of thermal or magnetic actuators?,1,IoT,notes,stated: compact and suitable for micro-movements
86,"Thermal or magnetic actuators leverage thermal expansion or magnetic forces for movement. Examples include shape memory alloys and solenoids, and their advantage is that they are compact and suitable for micro-movements.",At what temperature does a shape memory alloy actuator activate?,0,IoT,notes,no activation temperature is given
87,"Software models are abstract representations of software systems that enable the management of complexity by describing systems in terms of abstract statements. In software engineering, models serve as simplified presentations of reality and can be expressed using standard modeling languages, either textually or graphically through diagrams.",What is the purpose of software models in managing complexity?,1,Software Engineering,lecture_slides,stated: they describe systems in abstract statements to manage complexity
88,"Software models are abstract representations of software systems that enable the management of complexity by describing systems in terms of abstract statements. In software engineering, models serve as simplified presentations of reality and can be expressed using standard modeling languages, either textually or graphically through diagrams.",Who invented the first software modeling language?,0,Software Engineering,lecture_slides,no inventor or history is mentioned
89,"A software model, or process model, is a framework that outlines the steps, activities, and order of tasks in software development. Its purpose is to provide a systematic approach to building software, help manage time, cost, and quality, ensure communication among stakeholders, and reduce risks by offering predictable workflows.",What is the purpose of a software process model?,1,Software Engineering,lecture_slides,"stated: a systematic approach that manages time, cost, quality, communication, and risk"
90,"A software model, or process model, is a framework that outlines the steps, activities, and order of tasks in software development. Its purpose is to provide a systematic approach to building software, help manage time, cost, and quality, ensure communication among stakeholders, and reduce risks by offering predictable workflows.",Which process model is best for large enterprise projects?,0,Software Engineering,lecture_slides,the passage does not compare or recommend specific models
